video_name,visit_id,arrival_frame,departure_frame,arrival_time_seconds,departure_time_seconds,stay_duration_frames,stay_duration_seconds,stay_duration_minutes,avg_motion_score,max_motion_score,avg_brightness,min_brightness,max_brightness,brightness_variation,light_condition,avg_activity_index,avg_edge_density,avg_color_variance,next_arrival,inter_visit_interval_seconds,inter_visit_interval_minutes
083143-00051-M-0002,1,77,106,2.566666666666667,3.533333333333333,30,1.0,0.016666666666666666,0.08737673333333332,0.135732,98.10533333333333,96.9,99.54,2.6400000000000006,DIM,0.18314676666666668,0.09577006666666667,49.037333333333336,3.6333333333333333,0.10000000000000009,0.001666666666666668
083143-00051-M-0002,2,109,111,3.6333333333333333,3.7,3,0.1,0.0016666666666666668,0.082138,0.08312,98.57000000000001,98.39,98.66,0.269999999999996,DIM,0.1793283333333333,0.09719033333333334,48.870000000000005,3.8333333333333335,0.1333333333333333,0.002222222222222222
083143-00051-M-0002,3,115,116,3.8333333333333335,3.8666666666666667,2,0.06666666666666667,0.0011111111111111111,0.080815,0.081229,97.58,97.47,97.69,0.21999999999999886,DIM,0.178268,0.097453,48.93000000000001,4.033333333333333,0.16666666666666652,0.0027777777777777753
083143-00051-M-0002,4,121,123,4.033333333333333,4.1,3,0.1,0.0016666666666666668,0.09722066666666666,0.123064,99.0,98.79,99.14,0.3499999999999943,DIM,0.20130133333333333,0.10408066666666667,49.903333333333336,4.833333333333333,0.7333333333333334,0.012222222222222223
083143-00051-M-0002,5,145,147,4.833333333333333,4.9,3,0.1,0.0016666666666666668,0.08322333333333333,0.085704,97.40666666666668,96.94,97.97,1.0300000000000011,DIM,0.18516466666666664,0.10194133333333333,49.10666666666666,5.0,0.09999999999999964,0.0016666666666666607
083143-00051-M-0002,6,150,151,5.0,5.033333333333333,2,0.06666666666666667,0.0011111111111111111,0.10657900000000001,0.124231,97.23,97.17,97.29,0.12000000000000455,DIM,0.2091555,0.10257649999999999,49.36,6.033333333333333,1.0,0.016666666666666666
083143-00051-M-0002,7,181,182,6.033333333333333,6.066666666666666,2,0.06666666666666667,0.0011111111111111111,0.1027775,0.123878,97.945,97.89,98.0,0.10999999999999943,DIM,0.209296,0.10651849999999999,50.06,6.733333333333333,0.666666666666667,0.011111111111111117
083143-00051-M-0002,8,202,204,6.733333333333333,6.8,3,0.1,0.0016666666666666668,0.082461,0.08418,98.31666666666666,97.94,98.63,0.6899999999999977,DIM,0.18630866666666668,0.10384766666666667,49.78666666666666,6.966666666666667,0.16666666666666696,0.0027777777777777827
083143-00051-M-0002,9,209,229,6.966666666666667,7.633333333333334,21,0.7,0.011666666666666665,0.08948128571428571,0.131696,98.4647619047619,98.09,99.23,1.1400000000000006,DIM,0.19070838095238096,0.10122723809523812,49.63904761904762,7.7,0.06666666666666643,0.0011111111111111072
083143-00051-M-0002,10,231,236,7.7,7.866666666666666,6,0.2,0.0033333333333333335,0.083329,0.086243,99.14333333333333,99.0,99.33,0.3299999999999983,DIM,0.18370499999999998,0.10037583333333333,49.71,9.1,1.2333333333333334,0.020555555555555556
083143-00051-M-0002,11,273,275,9.1,9.166666666666666,3,0.1,0.0016666666666666668,0.08419566666666667,0.086516,98.06666666666666,97.88,98.2,0.3200000000000074,DIM,0.19074899999999997,0.10655333333333333,49.97666666666667,9.233333333333333,0.06666666666666643,0.0011111111111111072
083143-00051-M-0002,12,277,278,9.233333333333333,9.266666666666667,2,0.06666666666666667,0.0011111111111111111,0.081647,0.083103,98.73,98.65,98.81,0.1599999999999966,DIM,0.18729449999999997,0.10564799999999999,50.195,10.0,0.7333333333333325,0.012222222222222209
083143-00051-M-0002,13,300,301,10.0,10.033333333333333,2,0.06666666666666667,0.0011111111111111111,0.1026745,0.124227,97.99000000000001,97.92,98.06,0.14000000000000057,DIM,0.210145,0.1074705,50.205,11.033333333333333,1.0,0.016666666666666666
083143-00051-M-0002,14,331,333,11.033333333333333,11.1,3,0.1,0.0016666666666666668,0.097143,0.123609,97.51333333333334,97.33,97.65,0.3200000000000074,DIM,0.20214200000000002,0.104999,50.10666666666666,12.666666666666666,1.5666666666666664,0.026111111111111106
083143-00051-M-0002,15,380,381,12.666666666666666,12.7,2,0.06666666666666667,0.0011111111111111111,0.08023050000000001,0.080391,97.795,97.61,97.98,0.37000000000000455,DIM,0.1851295,0.10489899999999999,49.955,18.366666666666667,5.666666666666668,0.09444444444444447
083143-00051-M-0002,16,551,552,18.366666666666667,18.4,2,0.06666666666666667,0.0011111111111111111,0.086095,0.087284,97.985,97.85,98.12,0.27000000000001023,DIM,0.1917025,0.105607,50.065,18.7,0.3000000000000007,0.005000000000000012
083143-00051-M-0002,17,561,562,18.7,18.733333333333334,2,0.06666666666666667,0.0011111111111111111,0.08232300000000001,0.082759,97.16499999999999,96.98,97.35,0.36999999999999034,DIM,0.1880075,0.1056845,49.64,18.933333333333334,0.1999999999999993,0.0033333333333333214
083143-00051-M-0002,18,568,572,18.933333333333334,19.066666666666666,5,0.16666666666666666,0.0027777777777777775,0.09037799999999999,0.126372,97.394,97.18,97.73,0.5499999999999972,DIM,0.1948548,0.10447700000000001,49.620000000000005,23.333333333333332,4.266666666666666,0.0711111111111111
083143-00051-M-0002,19,700,701,23.333333333333332,23.366666666666667,2,0.06666666666666667,0.0011111111111111111,0.082261,0.082714,97.255,97.17,97.34,0.1700000000000017,DIM,0.1898035,0.1075425,50.15,24.966666666666665,1.5999999999999979,0.02666666666666663
083143-00051-M-0002,20,749,770,24.966666666666665,25.666666666666668,22,0.7333333333333333,0.012222222222222221,0.08883245454545453,0.133229,98.11954545454546,97.33,98.54,1.210000000000008,DIM,0.19239099999999995,0.10355854545454544,49.892727272727264,25.8,0.13333333333333286,0.0022222222222222144
083143-00051-M-0002,21,774,778,25.8,25.933333333333334,5,0.16666666666666666,0.0027777777777777775,0.0832214,0.086332,98.52799999999999,98.35,98.63,0.28000000000000114,DIM,0.1849934,0.1017718,49.714,26.033333333333335,0.10000000000000142,0.0016666666666666904
083143-00051-M-0002,22,781,792,26.033333333333335,26.4,12,0.4,0.006666666666666667,0.09034350000000001,0.130128,98.40166666666669,97.52,98.8,1.2800000000000011,DIM,0.1942000833333333,0.10385683333333333,49.91166666666667,26.466666666666665,0.06666666666666643,0.0011111111111111072
083143-00051-M-0002,23,794,802,26.466666666666665,26.733333333333334,9,0.3,0.005,0.08566555555555556,0.088688,97.15222222222224,96.94,97.31,0.37000000000000455,DIM,0.18792699999999998,0.10226177777777777,49.70333333333333,,,
083239-00068-M-0002,1,609,610,20.3,20.333333333333332,2,0.06666666666666667,0.0011111111111111111,0.0826685,0.083546,96.67500000000001,96.59,96.76,0.1700000000000017,DIM,0.185339,0.10267,49.845,32.0,11.666666666666668,0.19444444444444448
083239-00068-M-0002,2,960,961,32.0,32.03333333333333,2,0.06666666666666667,0.0011111111111111111,0.1006205,0.120848,97.28,97.19,97.37,0.18000000000000682,DIM,0.209182,0.10856199999999999,50.64,,,
084741-00053-M-0002,1,84,85,2.8,2.8333333333333335,2,0.06666666666666667,0.0011111111111111111,0.082057,0.083082,99.27000000000001,99.25,99.29,0.04000000000000625,DIM,0.18773299999999998,0.10567599999999999,52.55,2.966666666666667,0.1333333333333333,0.002222222222222222
084741-00053-M-0002,2,89,93,2.966666666666667,3.1,5,0.16666666666666666,0.0027777777777777775,0.0922432,0.131694,99.68400000000001,99.15,100.09,0.9399999999999977,DIM,0.1972856,0.10504220000000002,53.036,3.9,0.7999999999999998,0.01333333333333333
084741-00053-M-0002,3,117,118,3.9,3.933333333333333,2,0.06666666666666667,0.0011111111111111111,0.0867445,0.093193,100.185,100.14,100.23,0.09000000000000341,DIM,0.18958799999999998,0.10284399999999999,53.03,4.233333333333333,0.30000000000000027,0.0050000000000000044
084741-00053-M-0002,4,127,130,4.233333333333333,4.333333333333333,4,0.13333333333333333,0.0022222222222222222,0.08274225,0.084603,100.245,99.8,100.59,0.7900000000000063,DIM,0.185663,0.1029205,52.7625,4.9,0.5666666666666673,0.009444444444444455
084741-00053-M-0002,5,147,159,4.9,5.3,13,0.43333333333333335,0.007222222222222223,0.08884961538461537,0.13414,98.33461538461538,97.65,98.71,1.059999999999988,DIM,0.1913300769230769,0.1024802307692308,51.89461538461539,5.466666666666667,0.16666666666666696,0.0027777777777777827
084741-00053-M-0002,6,164,166,5.466666666666667,5.533333333333333,3,0.1,0.0016666666666666668,0.080422,0.08075,98.35666666666667,98.15,98.55,0.3999999999999915,DIM,0.18438366666666664,0.10396166666666667,52.07,6.166666666666667,0.6333333333333337,0.010555555555555563
084741-00053-M-0002,7,185,187,6.166666666666667,6.233333333333333,3,0.1,0.0016666666666666668,0.082399,0.085629,99.79333333333334,99.69,99.91,0.21999999999999886,DIM,0.18865033333333334,0.10625133333333332,52.96333333333333,7.2,0.9666666666666668,0.016111111111111114
084741-00053-M-0002,8,216,218,7.2,7.266666666666667,3,0.1,0.0016666666666666668,0.083081,0.084946,99.88,99.76,99.96,0.19999999999998863,DIM,0.18803566666666668,0.10495466666666668,52.93666666666667,7.4,0.13333333333333375,0.002222222222222229
084741-00053-M-0002,9,222,229,7.4,7.633333333333334,8,0.26666666666666666,0.0044444444444444444,0.08585775,0.094837,99.67875000000001,99.26,100.05,0.789999999999992,DIM,0.189381625,0.103524125,52.5375,7.766666666666667,0.13333333333333286,0.0022222222222222144
084741-00053-M-0002,10,233,263,7.766666666666667,8.766666666666667,31,1.0333333333333334,0.017222222222222226,0.0901561935483871,0.137351,99.84903225806453,99.2,100.33,1.1299999999999955,DIM,0.1910218709677419,0.1008655806451613,52.42032258064516,8.833333333333334,0.06666666666666643,0.0011111111111111072
084741-00053-M-0002,11,265,271,8.833333333333334,9.033333333333333,7,0.23333333333333334,0.0038888888888888888,0.09557057142857142,0.142447,99.27,98.42,99.75,1.3299999999999983,DIM,0.1939462857142857,0.09837542857142859,52.285714285714285,9.1,0.06666666666666643,0.0011111111111111072
084741-00053-M-0002,12,273,285,9.1,9.5,13,0.43333333333333335,0.007222222222222223,0.08506292307692309,0.093515,99.1230769230769,97.99,99.6,1.6099999999999994,DIM,0.18427661538461537,0.0992136923076923,52.197692307692314,9.566666666666666,0.06666666666666643,0.0011111111111111072
084741-00053-M-0002,13,287,288,9.566666666666666,9.6,2,0.06666666666666667,0.0011111111111111111,0.0818425,0.081887,99.68,99.65,99.71,0.05999999999998806,DIM,0.1821565,0.100314,52.655,9.666666666666666,0.06666666666666643,0.0011111111111111072
084741-00053-M-0002,14,290,379,9.666666666666666,12.633333333333333,90,3.0,0.05,0.09307974444444446,0.131957,99.39044444444446,98.16,100.82,2.6599999999999966,DIM,0.18976655555555558,0.09668684444444445,51.90833333333333,13.033333333333333,0.40000000000000036,0.006666666666666672
084741-00053-M-0002,15,391,393,13.033333333333333,13.1,3,0.1,0.0016666666666666668,0.09672933333333333,0.128827,99.88666666666666,99.8,99.98,0.18000000000000682,DIM,0.20107166666666668,0.10434233333333333,53.336666666666666,14.6,1.5,0.025
084741-00053-M-0002,16,438,441,14.6,14.7,4,0.13333333333333333,0.0022222222222222222,0.08335574999999999,0.085572,99.185,98.51,100.17,1.6599999999999966,DIM,0.184287,0.1009315,51.48,17.033333333333335,2.3333333333333357,0.03888888888888893
084741-00053-M-0002,17,511,512,17.033333333333335,17.066666666666666,2,0.06666666666666667,0.0011111111111111111,0.10656099999999999,0.132935,100.56,100.51,100.61,0.09999999999999432,DIM,0.21620699999999998,0.109646,53.135,17.733333333333334,0.6666666666666679,0.01111111111111113
084741-00053-M-0002,18,532,536,17.733333333333334,17.866666666666667,5,0.16666666666666666,0.0027777777777777775,0.08291459999999999,0.084561,101.552,101.26,101.8,0.539999999999992,DIM,0.1854918,0.10257720000000001,52.678,17.933333333333334,0.06666666666666643,0.0011111111111111072
084741-00053-M-0002,19,538,543,17.933333333333334,18.1,6,0.2,0.0033333333333333335,0.09535516666666667,0.131672,101.17,100.96,101.33,0.37000000000000455,DIM,0.19914283333333335,0.10378783333333334,52.72833333333333,18.166666666666668,0.06666666666666643,0.0011111111111111072
084741-00053-M-0002,20,545,622,18.166666666666668,20.733333333333334,78,2.6,0.043333333333333335,0.08898558974358975,0.139189,100.00461538461538,97.7,101.46,3.759999999999991,DIM,0.1885477820512821,0.09956224358974358,51.94820512820513,20.866666666666667,0.13333333333333286,0.0022222222222222144
084741-00053-M-0002,21,626,628,20.866666666666667,20.933333333333334,3,0.1,0.0016666666666666668,0.08044466666666666,0.08092,98.72000000000001,98.42,98.92,0.5,DIM,0.18025833333333333,0.09981333333333332,51.723333333333336,21.0,0.06666666666666643,0.0011111111111111072
084741-00053-M-0002,22,630,633,21.0,21.1,4,0.13333333333333333,0.0022222222222222222,0.09584025,0.133316,98.8375,98.55,99.04,0.4900000000000091,DIM,0.19962200000000002,0.10378174999999999,52.13250000000001,21.166666666666668,0.06666666666666643,0.0011111111111111072
084741-00053-M-0002,23,635,636,21.166666666666668,21.2,2,0.06666666666666667,0.0011111111111111111,0.0817575,0.08273,99.22,99.22,99.22,0.0,DIM,0.183333,0.1015755,51.815,22.033333333333335,0.8333333333333357,0.013888888888888928
084741-00053-M-0002,24,661,662,22.033333333333335,22.066666666666666,2,0.06666666666666667,0.0011111111111111111,0.10468649999999999,0.128797,98.735,98.72,98.75,0.030000000000001137,DIM,0.210214,0.1055275,52.415000000000006,24.133333333333333,2.0666666666666664,0.03444444444444444
084741-00053-M-0002,25,724,729,24.133333333333333,24.3,6,0.2,0.0033333333333333335,0.08254516666666666,0.085874,98.30999999999999,97.66,99.07,1.4099999999999966,DIM,0.18003633333333335,0.0974915,52.055,24.666666666666668,0.36666666666666714,0.006111111111111119
084741-00053-M-0002,26,740,741,24.666666666666668,24.7,2,0.06666666666666667,0.0011111111111111111,0.08304500000000001,0.083613,99.34,99.19,99.49,0.29999999999999716,DIM,0.182722,0.0996775,52.349999999999994,26.0,1.3000000000000007,0.021666666666666678
084741-00053-M-0002,27,780,800,26.0,26.666666666666668,21,0.7,0.011666666666666665,0.09128342857142857,0.129119,99.37238095238096,98.58,100.54,1.960000000000008,DIM,0.18828123809523808,0.09699766666666668,51.63809523809523,26.8,0.13333333333333286,0.0022222222222222144
084741-00053-M-0002,28,804,805,26.8,26.833333333333332,2,0.06666666666666667,0.0011111111111111111,0.08564350000000001,0.087372,99.475,99.24,99.71,0.46999999999999886,DIM,0.18534899999999999,0.0997055,51.245000000000005,26.966666666666665,0.13333333333333286,0.0022222222222222144
084741-00053-M-0002,29,809,812,26.966666666666665,27.066666666666666,4,0.13333333333333333,0.0022222222222222222,0.09490799999999999,0.132148,98.8475,98.48,99.32,0.8399999999999892,DIM,0.19949250000000002,0.10458424999999999,51.872499999999995,,,
084839-00050-M-0002,1,43,61,1.4333333333333333,2.033333333333333,19,0.6333333333333333,0.010555555555555556,0.08703726315789473,0.130678,98.95684210526316,98.61,99.31,0.7000000000000028,DIM,0.1873741052631579,0.10033657894736842,51.712105263157895,2.4,0.3666666666666667,0.006111111111111111
084839-00050-M-0002,2,72,78,2.4,2.6,7,0.23333333333333334,0.0038888888888888888,0.08324714285714287,0.085374,98.84857142857143,98.57,99.09,0.5200000000000102,DIM,0.18495028571428573,0.10170314285714285,51.791428571428575,5.1,2.4999999999999996,0.04166666666666666
084839-00050-M-0002,3,153,156,5.1,5.2,4,0.13333333333333333,0.0022222222222222222,0.0838005,0.086978,99.16,99.11,99.24,0.12999999999999545,DIM,0.18949875000000002,0.1056985,52.2125,5.733333333333333,0.5333333333333332,0.008888888888888887
084839-00050-M-0002,4,172,175,5.733333333333333,5.833333333333333,4,0.13333333333333333,0.0022222222222222222,0.08094775,0.082476,97.61,97.29,97.99,0.6999999999999886,DIM,0.182682,0.10173375,51.9025,5.966666666666667,0.13333333333333375,0.002222222222222229
084839-00050-M-0002,5,179,183,5.966666666666667,6.1,5,0.16666666666666666,0.0027777777777777775,0.0932512,0.127745,99.56200000000001,98.52,99.98,1.460000000000008,DIM,0.1972974,0.10404640000000001,52.242,6.2,0.10000000000000053,0.0016666666666666754
084839-00050-M-0002,6,186,188,6.2,6.266666666666667,3,0.1,0.0016666666666666668,0.083297,0.084194,99.79666666666668,99.79,99.81,0.01999999999999602,DIM,0.18670766666666663,0.10341066666666666,52.15333333333333,6.333333333333333,0.06666666666666643,0.0011111111111111072
084839-00050-M-0002,7,190,192,6.333333333333333,6.4,3,0.1,0.0016666666666666668,0.08249466666666666,0.085311,99.63666666666666,99.27,99.92,0.6500000000000057,DIM,0.18500033333333332,0.10250533333333334,51.96,7.0,0.5999999999999996,0.009999999999999993
084839-00050-M-0002,8,210,211,7.0,7.033333333333333,2,0.06666666666666667,0.0011111111111111111,0.10600799999999999,0.130234,99.57,99.53,99.61,0.0799999999999983,DIM,0.212974,0.10696549999999999,52.865,7.533333333333333,0.5,0.008333333333333333
084839-00050-M-0002,9,226,272,7.533333333333333,9.066666666666666,47,1.5666666666666667,0.02611111111111111,0.08971846808510639,0.132615,98.88851063829787,96.6,100.06,3.460000000000008,DIM,0.1901596595744681,0.10044106382978722,51.79,9.133333333333333,0.06666666666666643,0.0011111111111111072
084839-00050-M-0002,10,274,276,9.133333333333333,9.2,3,0.1,0.0016666666666666668,0.08226466666666667,0.082774,98.64999999999999,98.34,98.83,0.4899999999999949,DIM,0.18535266666666664,0.103088,52.220000000000006,9.3,0.10000000000000142,0.0016666666666666904
084839-00050-M-0002,11,279,280,9.3,9.333333333333334,2,0.06666666666666667,0.0011111111111111111,0.08295050000000001,0.083844,98.715,98.6,98.83,0.23000000000000398,DIM,0.185174,0.1022235,52.07,9.433333333333334,0.09999999999999964,0.0016666666666666607
084839-00050-M-0002,12,283,284,9.433333333333334,9.466666666666667,2,0.06666666666666667,0.0011111111111111111,0.0817975,0.082719,98.81,98.67,98.95,0.28000000000000114,DIM,0.1835345,0.101737,52.03,9.9,0.43333333333333357,0.007222222222222226
084839-00050-M-0002,13,297,298,9.9,9.933333333333334,2,0.06666666666666667,0.0011111111111111111,0.0813545,0.082356,98.74000000000001,98.65,98.83,0.1799999999999926,DIM,0.1837635,0.1024085,52.269999999999996,10.133333333333333,0.1999999999999993,0.0033333333333333214
084839-00050-M-0002,14,304,305,10.133333333333333,10.166666666666666,2,0.06666666666666667,0.0011111111111111111,0.08161299999999999,0.081785,99.64500000000001,99.62,99.67,0.04999999999999716,DIM,0.186741,0.1051285,52.745000000000005,10.5,0.3333333333333339,0.005555555555555565
084839-00050-M-0002,15,315,323,10.5,10.766666666666667,9,0.3,0.005,0.08396500000000001,0.088783,98.0788888888889,95.58,99.1,3.519999999999996,DIM,0.18104355555555554,0.09707855555555556,51.73333333333333,10.833333333333334,0.06666666666666643,0.0011111111111111072
084839-00050-M-0002,16,325,435,10.833333333333334,14.5,111,3.7,0.06166666666666667,0.09290894594594595,0.134602,98.46234234234234,96.17,99.96,3.789999999999992,DIM,0.1880112702702703,0.09510239639639642,51.64657657657658,14.566666666666666,0.06666666666666643,0.0011111111111111072
084839-00050-M-0002,17,437,440,14.566666666666666,14.666666666666666,4,0.13333333333333333,0.0022222222222222222,0.08555099999999999,0.089631,98.8375,98.66,98.96,0.29999999999999716,DIM,0.1836325,0.09808125,51.96,14.766666666666667,0.10000000000000142,0.0016666666666666904
084839-00050-M-0002,18,443,444,14.766666666666667,14.8,2,0.06666666666666667,0.0011111111111111111,0.0819985,0.083247,98.03999999999999,97.96,98.12,0.1600000000000108,DIM,0.1807195,0.098721,52.06,15.1,0.29999999999999893,0.004999999999999982
084839-00050-M-0002,19,453,513,15.1,17.1,61,2.033333333333333,0.033888888888888885,0.09296503278688525,0.133285,99.10491803278688,96.77,100.26,3.490000000000009,DIM,0.18988888524590167,0.09692375409836065,51.936885245901635,17.166666666666668,0.06666666666666643,0.0011111111111111072
084839-00050-M-0002,20,515,535,17.166666666666668,17.833333333333332,21,0.7,0.011666666666666665,0.08666719047619048,0.093986,99.04809523809524,98.29,99.61,1.3199999999999932,DIM,0.18482214285714285,0.09815485714285713,51.8747619047619,18.5,0.6666666666666679,0.01111111111111113
084839-00050-M-0002,21,555,564,18.5,18.8,10,0.3333333333333333,0.005555555555555555,0.0867043,0.090505,97.82000000000001,97.2,98.24,1.039999999999992,DIM,0.18393779999999998,0.0972335,51.891,18.9,0.09999999999999787,0.0016666666666666312
084839-00050-M-0002,22,567,572,18.9,19.066666666666666,6,0.2,0.0033333333333333335,0.09211983333333335,0.131447,97.70666666666666,97.01,98.41,1.3999999999999915,DIM,0.19223916666666666,0.10011933333333332,52.09,19.133333333333333,0.06666666666666643,0.0011111111111111072
084839-00050-M-0002,23,574,575,19.133333333333333,19.166666666666668,2,0.06666666666666667,0.0011111111111111111,0.08255950000000001,0.083458,97.095,97.01,97.18,0.1700000000000017,DIM,0.182149,0.09958900000000001,51.995000000000005,19.3,0.13333333333333286,0.0022222222222222144
084839-00050-M-0002,24,579,582,19.3,19.4,4,0.13333333333333333,0.0022222222222222222,0.08200974999999999,0.085323,97.3675,97.2,97.59,0.39000000000000057,DIM,0.1801825,0.09817300000000001,51.8875,19.5,0.10000000000000142,0.0016666666666666904
084839-00050-M-0002,25,585,586,19.5,19.533333333333335,2,0.06666666666666667,0.0011111111111111111,0.08308850000000001,0.085651,98.095,98.08,98.11,0.030000000000001137,DIM,0.181369,0.09828049999999999,52.099999999999994,19.666666666666668,0.13333333333333286,0.0022222222222222144
084839-00050-M-0002,26,590,591,19.666666666666668,19.7,2,0.06666666666666667,0.0011111111111111111,0.083687,0.086314,98.595,98.48,98.71,0.22999999999998977,DIM,0.18190699999999999,0.0982205,52.17,19.8,0.10000000000000142,0.0016666666666666904
084839-00050-M-0002,27,594,616,19.8,20.533333333333335,23,0.7666666666666667,0.012777777777777779,0.08743713043478261,0.137636,98.64739130434783,98.16,99.44,1.2800000000000011,DIM,0.18785899999999997,0.10042178260869565,52.42304347826086,20.633333333333333,0.09999999999999787,0.0016666666666666312
084839-00050-M-0002,28,619,620,20.633333333333333,20.666666666666668,2,0.06666666666666667,0.0011111111111111111,0.0834035,0.084111,99.00999999999999,98.77,99.25,0.480000000000004,DIM,0.1827875,0.09938449999999999,52.290000000000006,20.8,0.13333333333333286,0.0022222222222222144
084839-00050-M-0002,29,624,628,20.8,20.933333333333334,5,0.16666666666666666,0.0027777777777777775,0.083021,0.084278,98.856,98.72,98.95,0.23000000000000398,DIM,0.183216,0.100195,52.29200000000001,21.0,0.06666666666666643,0.0011111111111111072
084839-00050-M-0002,30,630,631,21.0,21.033333333333335,2,0.06666666666666667,0.0011111111111111111,0.107319,0.123671,99.02,99.02,99.02,0.0,DIM,0.2106085,0.10328899999999999,52.615,21.2,0.1666666666666643,0.0027777777777777384
084839-00050-M-0002,31,636,637,21.2,21.233333333333334,2,0.06666666666666667,0.0011111111111111111,0.081632,0.081898,98.4,98.36,98.44,0.0799999999999983,DIM,0.18254399999999998,0.100912,52.129999999999995,21.566666666666666,0.33333333333333215,0.005555555555555536
084839-00050-M-0002,32,647,650,21.566666666666666,21.666666666666668,4,0.13333333333333333,0.0022222222222222222,0.082433,0.084853,99.105,98.92,99.2,0.28000000000000114,DIM,0.18253025,0.10009699999999999,52.405,21.966666666666665,0.29999999999999716,0.004999999999999952
084839-00050-M-0002,33,659,668,21.966666666666665,22.266666666666666,10,0.3333333333333333,0.005555555555555555,0.0878741,0.12333,99.28299999999999,98.95,99.57,0.6199999999999903,DIM,0.1887123,0.10083820000000002,52.492000000000004,22.633333333333333,0.36666666666666714,0.006111111111111119
084839-00050-M-0002,34,679,680,22.633333333333333,22.666666666666668,2,0.06666666666666667,0.0011111111111111111,0.080592,0.080747,99.48,99.45,99.51,0.060000000000002274,DIM,0.1794485,0.0988565,52.39,22.933333333333334,0.2666666666666657,0.004444444444444429
084839-00050-M-0002,35,688,694,22.933333333333334,23.133333333333333,7,0.23333333333333334,0.0038888888888888888,0.09036942857142857,0.129225,99.8442857142857,99.68,100.08,0.3999999999999915,DIM,0.192084,0.10171485714285715,52.69285714285714,23.533333333333335,0.40000000000000213,0.006666666666666702
084839-00050-M-0002,36,706,707,23.533333333333335,23.566666666666666,2,0.06666666666666667,0.0011111111111111111,0.0832155,0.08591,99.97999999999999,99.96,100.0,0.04000000000000625,DIM,0.182523,0.099307,52.615,23.7,0.13333333333333286,0.0022222222222222144
084839-00050-M-0002,37,711,715,23.7,23.833333333333332,5,0.16666666666666666,0.0027777777777777775,0.0844066,0.087359,100.24600000000001,99.91,100.66,0.75,DIM,0.1831004,0.098694,52.426,23.966666666666665,0.13333333333333286,0.0022222222222222144
084839-00050-M-0002,38,719,722,23.966666666666665,24.066666666666666,4,0.13333333333333333,0.0022222222222222222,0.09704774999999999,0.130016,100.3475,100.15,100.76,0.6099999999999994,DIM,0.199018,0.10196999999999999,53.02250000000001,24.133333333333333,0.06666666666666643,0.0011111111111111072
084839-00050-M-0002,39,724,748,24.133333333333333,24.933333333333334,25,0.8333333333333334,0.01388888888888889,0.08570676,0.091,100.5368,100.09,101.25,1.1599999999999966,DIM,0.18332231999999998,0.09761552000000001,52.3804,,,
093627-00038-M-0002,1,1,4,0.03333333333333333,0.13333333333333333,4,0.13333333333333333,0.0022222222222222222,0.11104575,0.190266,98.665,98.54,98.73,0.18999999999999773,DIM,0.22127025,0.1102245,51.5625,0.3,0.16666666666666666,0.0027777777777777775
093627-00038-M-0002,2,9,15,0.3,0.5,7,0.23333333333333334,0.0038888888888888888,0.08380357142857142,0.087744,97.82571428571428,97.48,98.17,0.6899999999999977,DIM,0.18994971428571428,0.10614642857142857,50.56142857142857,0.5666666666666667,0.06666666666666665,0.001111111111111111
093627-00038-M-0002,3,17,18,0.5666666666666667,0.6,2,0.06666666666666667,0.0011111111111111111,0.080802,0.080898,97.355,97.28,97.43,0.15000000000000568,DIM,0.1868305,0.106029,50.64,0.6666666666666666,0.06666666666666665,0.001111111111111111
093627-00038-M-0002,4,20,23,0.6666666666666666,0.7666666666666667,4,0.13333333333333333,0.0022222222222222222,0.08220274999999999,0.084197,98.0425,97.58,98.31,0.730000000000004,DIM,0.18985775,0.107655,50.8675,0.8333333333333334,0.06666666666666665,0.001111111111111111
093627-00038-M-0002,5,25,49,0.8333333333333334,1.6333333333333333,25,0.8333333333333334,0.01388888888888889,0.08847060000000001,0.142424,97.92760000000003,96.98,98.5,1.519999999999996,DIM,0.19474439999999998,0.10627396000000001,50.74320000000001,1.9333333333333333,0.30000000000000004,0.005000000000000001
093627-00038-M-0002,6,58,577,1.9333333333333333,19.233333333333334,520,17.333333333333332,0.28888888888888886,0.10391462115384614,0.149389,97.75928846153846,94.73,101.69,6.959999999999994,DIM,0.20473191730769233,0.1008173,50.402846153846156,19.3,0.06666666666666643,0.0011111111111111072
093627-00038-M-0002,7,579,588,19.3,19.6,10,0.3333333333333333,0.005555555555555555,0.0877305,0.095662,96.97800000000001,96.55,97.62,1.0700000000000074,DIM,0.18973829999999997,0.10200780000000001,50.29,19.766666666666666,0.1666666666666643,0.0027777777777777384
093627-00038-M-0002,8,593,611,19.766666666666666,20.366666666666667,19,0.6333333333333333,0.010555555555555556,0.09015526315789472,0.138845,96.5078947368421,95.16,97.66,2.5,DIM,0.194327,0.10417173684210525,50.68157894736842,20.433333333333334,0.06666666666666643,0.0011111111111111072
093627-00038-M-0002,9,613,614,20.433333333333334,20.466666666666665,2,0.06666666666666667,0.0011111111111111111,0.0921005,0.094189,96.88499999999999,96.83,96.94,0.10999999999999943,DIM,0.193775,0.1016745,50.364999999999995,20.533333333333335,0.06666666666666998,0.0011111111111111664
093627-00038-M-0002,10,616,617,20.533333333333335,20.566666666666666,2,0.06666666666666667,0.0011111111111111111,0.0885885,0.088982,96.78,96.63,96.93,0.30000000000001137,DIM,0.1902725,0.101684,50.245000000000005,20.7,0.13333333333333286,0.0022222222222222144
093627-00038-M-0002,11,621,625,20.7,20.833333333333332,5,0.16666666666666666,0.0027777777777777775,0.0851606,0.093647,96.76199999999999,96.27,96.99,0.7199999999999989,DIM,0.18730600000000003,0.10214539999999998,50.324,20.9,0.06666666666666643,0.0011111111111111072
093627-00038-M-0002,12,627,629,20.9,20.966666666666665,3,0.1,0.0016666666666666668,0.08635433333333335,0.096585,96.82333333333332,96.77,96.88,0.10999999999999943,DIM,0.1885983333333333,0.10224366666666666,50.06,,,
094119-00050-M-0002,1,1,9,0.03333333333333333,0.3,9,0.3,0.005,0.09385577777777779,0.104705,97.54777777777777,97.3,98.01,0.710000000000008,DIM,0.19857744444444445,0.10472155555555557,51.30222222222223,0.36666666666666664,0.06666666666666665,0.001111111111111111
094119-00050-M-0002,2,11,12,0.36666666666666664,0.4,2,0.06666666666666667,0.0011111111111111111,0.090529,0.095313,97.445,97.37,97.52,0.14999999999999147,DIM,0.19539,0.10486100000000001,51.415,0.4666666666666667,0.06666666666666665,0.001111111111111111
094119-00050-M-0002,3,14,21,0.4666666666666667,0.7,8,0.26666666666666666,0.0044444444444444444,0.086523,0.094054,97.05375000000001,96.84,97.24,0.3999999999999915,DIM,0.19160737500000002,0.105083875,51.3575,1.0,0.30000000000000004,0.005000000000000001
094119-00050-M-0002,4,30,33,1.0,1.1,4,0.13333333333333333,0.0022222222222222222,0.0970015,0.129354,97.515,97.24,97.71,0.46999999999999886,DIM,0.2041135,0.1071115,51.8075,1.1666666666666667,0.06666666666666665,0.001111111111111111
094119-00050-M-0002,5,35,106,1.1666666666666667,3.533333333333333,72,2.4,0.04,0.09420404166666668,0.135896,97.77833333333335,96.46,98.55,2.0900000000000034,DIM,0.19628241666666668,0.10207831944444444,51.02152777777778,3.6,0.06666666666666687,0.0011111111111111146
094119-00050-M-0002,6,108,109,3.6,3.6333333333333333,2,0.06666666666666667,0.0011111111111111111,0.0812565,0.081659,98.515,98.49,98.54,0.05000000000001137,DIM,0.18538,0.10412350000000001,51.735,4.0,0.3666666666666667,0.006111111111111111
094119-00050-M-0002,7,120,122,4.0,4.066666666666666,3,0.1,0.0016666666666666668,0.10349633333333334,0.134606,96.31333333333333,96.09,96.48,0.39000000000000057,DIM,0.21139033333333335,0.107894,51.66,4.266666666666667,0.20000000000000018,0.003333333333333336
094119-00050-M-0002,8,128,132,4.266666666666667,4.4,5,0.16666666666666666,0.0027777777777777775,0.0846946,0.090915,96.70600000000002,96.22,97.1,0.8799999999999955,DIM,0.18628240000000001,0.10158740000000002,51.104,4.533333333333333,0.13333333333333286,0.0022222222222222144
094119-00050-M-0002,9,136,137,4.533333333333333,4.566666666666666,2,0.06666666666666667,0.0011111111111111111,0.0821885,0.084213,96.655,96.65,96.66,0.009999999999990905,DIM,0.183875,0.101687,50.959999999999994,4.9,0.3333333333333339,0.005555555555555565
094119-00050-M-0002,10,147,148,4.9,4.933333333333334,2,0.06666666666666667,0.0011111111111111111,0.086285,0.08776,96.95,96.93,96.97,0.03999999999999204,DIM,0.1890865,0.102802,51.105000000000004,5.066666666666666,0.13333333333333286,0.0022222222222222144
094119-00050-M-0002,11,152,156,5.066666666666666,5.2,5,0.16666666666666666,0.0027777777777777775,0.08188899999999999,0.084978,96.738,96.63,96.9,0.27000000000001023,DIM,0.1887736,0.1068846,51.775999999999996,5.3,0.09999999999999964,0.0016666666666666607
094119-00050-M-0002,12,159,160,5.3,5.333333333333333,2,0.06666666666666667,0.0011111111111111111,0.0839925,0.084271,97.28,97.24,97.32,0.0799999999999983,DIM,0.190004,0.10601150000000001,51.49,5.466666666666667,0.13333333333333375,0.002222222222222229
094119-00050-M-0002,13,164,182,5.466666666666667,6.066666666666666,19,0.6333333333333333,0.010555555555555556,0.08612247368421051,0.134588,97.62421052631578,96.91,97.96,1.0499999999999972,DIM,0.19146273684210527,0.10534026315789474,51.44842105263158,6.133333333333334,0.06666666666666732,0.001111111111111122
094119-00050-M-0002,14,184,186,6.133333333333334,6.2,3,0.1,0.0016666666666666668,0.08422533333333333,0.085191,97.78333333333335,97.22,98.16,0.9399999999999977,DIM,0.189611,0.10538533333333333,51.38666666666666,6.333333333333333,0.13333333333333286,0.0022222222222222144
094119-00050-M-0002,15,190,300,6.333333333333333,10.0,111,3.7,0.06166666666666667,0.0907958108108108,0.142211,97.15801801801803,95.99,98.81,2.8200000000000074,DIM,0.19333991891891894,0.10254409909909909,51.06846846846847,10.066666666666666,0.06666666666666643,0.0011111111111111072
094119-00050-M-0002,16,302,387,10.066666666666666,12.9,86,2.8666666666666667,0.04777777777777778,0.08997046511627907,0.136642,97.97848837209304,97.0,98.98,1.980000000000004,DIM,0.19304702325581394,0.10307658139534885,51.29569767441862,12.966666666666667,0.06666666666666643,0.0011111111111111072
094119-00050-M-0002,17,389,392,12.966666666666667,13.066666666666666,4,0.13333333333333333,0.0022222222222222222,0.09800125,0.13427,98.005,97.8,98.21,0.4099999999999966,DIM,0.2039585,0.10595725,51.495,13.133333333333333,0.06666666666666643,0.0011111111111111072
094119-00050-M-0002,18,394,555,13.133333333333333,18.5,162,5.4,0.09000000000000001,0.09330722839506173,0.148592,98.07172839506174,96.75,98.92,2.1700000000000017,DIM,0.19780000617283952,0.10449270370370371,51.57901234567901,18.566666666666666,0.06666666666666643,0.0011111111111111072
094119-00050-M-0002,19,557,560,18.566666666666666,18.666666666666668,4,0.13333333333333333,0.0022222222222222222,0.08278975,0.084454,97.93249999999999,97.76,98.07,0.30999999999998806,DIM,0.18736799999999998,0.10457825,51.58,19.0,0.33333333333333215,0.005555555555555536
094119-00050-M-0002,20,570,571,19.0,19.033333333333335,2,0.06666666666666667,0.0011111111111111111,0.11100600000000001,0.138386,97.09,97.03,97.15,0.12000000000000455,DIM,0.2233725,0.11236650000000001,52.405,19.133333333333333,0.09999999999999787,0.0016666666666666312
094119-00050-M-0002,21,574,576,19.133333333333333,19.2,3,0.1,0.0016666666666666668,0.083606,0.085476,97.40666666666668,97.3,97.49,0.18999999999999773,DIM,0.19232200000000002,0.108716,51.903333333333336,20.8,1.6000000000000014,0.02666666666666669
094119-00050-M-0002,22,624,626,20.8,20.866666666666667,3,0.1,0.0016666666666666668,0.08524833333333333,0.0905,97.04333333333334,96.91,97.17,0.2600000000000051,DIM,0.19111766666666666,0.10586933333333333,51.583333333333336,21.0,0.13333333333333286,0.0022222222222222144
094119-00050-M-0002,23,630,631,21.0,21.033333333333335,2,0.06666666666666667,0.0011111111111111111,0.1139675,0.133897,96.99000000000001,96.98,97.0,0.01999999999999602,DIM,0.22282449999999998,0.1088565,51.894999999999996,21.4,0.3666666666666636,0.006111111111111059
094119-00050-M-0002,24,642,643,21.4,21.433333333333334,2,0.06666666666666667,0.0011111111111111111,0.08272550000000001,0.08365,97.31,97.27,97.35,0.0799999999999983,DIM,0.1879125,0.1051875,51.465,21.5,0.06666666666666643,0.0011111111111111072
094119-00050-M-0002,25,645,647,21.5,21.566666666666666,3,0.1,0.0016666666666666668,0.08392066666666666,0.086214,96.83666666666666,96.75,96.9,0.15000000000000568,DIM,0.18889733333333333,0.10497699999999999,51.32,21.633333333333333,0.06666666666666643,0.0011111111111111072
094119-00050-M-0002,26,649,695,21.633333333333333,23.166666666666668,47,1.5666666666666667,0.02611111111111111,0.08869861702127659,0.136584,97.76659574468084,96.82,98.6,1.7800000000000011,DIM,0.19446514893617023,0.10576659574468082,51.554680851063836,23.266666666666666,0.09999999999999787,0.0016666666666666312
094119-00050-M-0002,27,698,699,23.266666666666666,23.3,2,0.06666666666666667,0.0011111111111111111,0.0813405,0.081676,97.52,97.21,97.83,0.6200000000000045,DIM,0.1885945,0.107254,51.620000000000005,24.433333333333334,1.1333333333333329,0.018888888888888882
094119-00050-M-0002,28,733,735,24.433333333333334,24.5,3,0.1,0.0016666666666666668,0.08668799999999999,0.090755,97.18333333333332,97.07,97.28,0.21000000000000796,DIM,0.19553500000000001,0.10884699999999999,51.53,24.566666666666666,0.06666666666666643,0.0011111111111111072
094119-00050-M-0002,29,737,743,24.566666666666666,24.766666666666666,7,0.23333333333333334,0.0038888888888888888,0.08667485714285714,0.092498,97.6557142857143,97.16,98.05,0.8900000000000006,DIM,0.19331371428571428,0.10663900000000001,51.40142857142856,24.866666666666667,0.10000000000000142,0.0016666666666666904
094119-00050-M-0002,30,746,747,24.866666666666667,24.9,2,0.06666666666666667,0.0011111111111111111,0.0999245,0.109502,96.355,96.26,96.45,0.18999999999999773,DIM,0.203923,0.1039985,50.925,,,
094209-00040-M-0002,1,1,600,0.03333333333333333,20.0,600,20.0,0.3333333333333333,0.10460270833333334,0.150466,98.32643333333334,94.93,102.3,7.36999999999999,DIM,0.20506385166666666,0.10046118333333333,51.35265,,,
20250429_1300-1400_130659-00049-M-0002,1,1,410,0.03333333333333333,13.666666666666666,410,13.666666666666666,0.22777777777777777,0.0987617536585366,0.13104,107.84797560975609,105.21,111.78,6.570000000000007,DIM,0.17347535365853659,0.07471357317073171,53.215097560975614,13.833333333333334,0.16666666666666785,0.0027777777777777974
20250429_1300-1400_130659-00049-M-0002,2,415,418,13.833333333333334,13.933333333333334,4,0.13333333333333333,0.0022222222222222222,0.08141175,0.082816,106.02000000000001,105.91,106.08,0.1700000000000017,DIM,0.159387,0.07797499999999999,53.4425,14.0,0.06666666666666643,0.0011111111111111072
20250429_1300-1400_130659-00049-M-0002,3,420,422,14.0,14.066666666666666,3,0.1,0.0016666666666666668,0.09686633333333333,0.119011,105.65666666666668,105.38,105.81,0.4300000000000068,DIM,0.17855033333333334,0.08168433333333334,54.47,14.2,0.13333333333333286,0.0022222222222222144
20250429_1300-1400_130659-00049-M-0002,4,426,428,14.2,14.266666666666667,3,0.1,0.0016666666666666668,0.08245833333333333,0.085514,106.42,106.32,106.55,0.23000000000000398,DIM,0.1601216666666667,0.07766333333333333,54.31,14.333333333333334,0.06666666666666643,0.0011111111111111072
20250429_1300-1400_130659-00049-M-0002,5,430,448,14.333333333333334,14.933333333333334,19,0.6333333333333333,0.010555555555555556,0.08414147368421052,0.089695,106.32736842105264,105.81,106.71,0.8999999999999915,DIM,0.16191173684210525,0.07777031578947369,53.823157894736845,15.333333333333334,0.40000000000000036,0.006666666666666672
20250429_1300-1400_130659-00049-M-0002,6,460,463,15.333333333333334,15.433333333333334,4,0.13333333333333333,0.0022222222222222222,0.084685,0.087491,106.98,106.8,107.22,0.4200000000000017,DIM,0.1661505,0.08146575,54.01,15.5,0.06666666666666643,0.0011111111111111072
20250429_1300-1400_130659-00049-M-0002,7,465,466,15.5,15.533333333333333,2,0.06666666666666667,0.0011111111111111111,0.0821345,0.082749,106.905,106.86,106.95,0.09000000000000341,DIM,0.162886,0.0807515,54.035,16.0,0.4666666666666668,0.00777777777777778
20250429_1300-1400_130659-00049-M-0002,8,480,482,16.0,16.066666666666666,3,0.1,0.0016666666666666668,0.09543433333333333,0.120177,107.76,107.58,107.86,0.28000000000000114,DIM,0.180245,0.08481066666666666,54.80666666666667,16.133333333333333,0.06666666666666643,0.0011111111111111072
20250429_1300-1400_130659-00049-M-0002,9,484,486,16.133333333333333,16.2,3,0.1,0.0016666666666666668,0.08223399999999999,0.083586,107.42666666666666,107.27,107.74,0.46999999999999886,DIM,0.164597,0.082363,54.383333333333326,16.266666666666666,0.06666666666666643,0.0011111111111111072
20250429_1300-1400_130659-00049-M-0002,10,488,489,16.266666666666666,16.3,2,0.06666666666666667,0.0011111111111111111,0.082563,0.083525,107.035,106.91,107.16,0.25,DIM,0.16379749999999998,0.081235,54.155,16.433333333333334,0.13333333333333286,0.0022222222222222144
20250429_1300-1400_130659-00049-M-0002,11,493,494,16.433333333333334,16.466666666666665,2,0.06666666666666667,0.0011111111111111111,0.082051,0.082884,106.775,106.73,106.82,0.0899999999999892,DIM,0.16305999999999998,0.0810095,54.195,16.7,0.23333333333333428,0.003888888888888905
20250429_1300-1400_130659-00049-M-0002,12,501,524,16.7,17.466666666666665,24,0.8,0.013333333333333334,0.08761837500000001,0.122785,109.31875000000001,107.81,110.37,2.5600000000000023,DIM,0.16871875,0.08110045833333333,54.27375,17.6,0.1333333333333364,0.0022222222222222734
20250429_1300-1400_130659-00049-M-0002,13,528,625,17.6,20.833333333333332,98,3.2666666666666666,0.05444444444444444,0.08914534693877552,0.127784,108.05693877551022,106.77,111.1,4.329999999999998,DIM,0.17053294897959181,0.08138757142857143,54.22142857142856,20.9,0.06666666666666643,0.0011111111111111072
20250429_1300-1400_130659-00049-M-0002,14,627,632,20.9,21.066666666666666,6,0.2,0.0033333333333333335,0.08987849999999999,0.122695,107.34166666666665,107.05,107.48,0.4300000000000068,DIM,0.17228883333333334,0.08241033333333334,54.25333333333333,21.133333333333333,0.06666666666666643,0.0011111111111111072
20250429_1300-1400_130659-00049-M-0002,15,634,637,21.133333333333333,21.233333333333334,4,0.13333333333333333,0.0022222222222222222,0.082732,0.085219,107.235,107.06,107.44,0.37999999999999545,DIM,0.16604825,0.08331625000000001,54.1375,21.3,0.06666666666666643,0.0011111111111111072
20250429_1300-1400_130659-00049-M-0002,16,639,647,21.3,21.566666666666666,9,0.3,0.005,0.08195744444444444,0.084397,107.18333333333334,106.97,107.44,0.46999999999999886,DIM,0.16289288888888886,0.08093544444444445,54.20777777777778,21.7,0.13333333333333286,0.0022222222222222144
20250429_1300-1400_130659-00049-M-0002,17,651,657,21.7,21.9,7,0.23333333333333334,0.0038888888888888888,0.08384014285714285,0.088772,108.44857142857143,107.81,109.12,1.3100000000000023,DIM,0.1658727142857143,0.082033,54.92857142857143,21.966666666666665,0.06666666666666643,0.0011111111111111072
20250429_1300-1400_130659-00049-M-0002,18,659,749,21.966666666666665,24.966666666666665,91,3.033333333333333,0.050555555555555555,0.0944616043956044,0.124571,108.75692307692307,107.29,109.93,2.6400000000000006,DIM,0.17439652747252748,0.07993493406593408,54.41824175824176,,,
